,0,1,2,3,4,5,6,7
0,column1,Col 2,Col 3,Col 4,Col 5,Col 6,Col 7,Col 8
1,Accounts ,2022/2/1 5,New Youk,Test Test,data5 ,data6 ,data7 ,data8 
2,Data data,data2 ,data3 ,data4 ,data5 ,data6 ,data7 ,data8 
3,Data data,data2 ,data3 ,data4 ,2025/15/ 23,data6 ,data7 ,data8 
4,Data data,data2 ,data3 ,data4 ,data5 ,data6 ,data7 ,Data8\ test
5,Data data,data2 ,data3 ,data4 ,data5 ,data6 ,data7 ,data8 
6,Accounts ,2022/2/1 5,New Youk,Test Test,data5 ,data6 ,data7 ,data8 
7,Data data,data2 ,data3 ,data4 ,data5 ,data6 ,data7 ,data8 
8,Data data,data2 ,data3 ,data4 ,2025/15/ 23,data6 ,data7 ,data8 
9,Data data,data2 ,data3 ,data4 ,data5 ,data6 ,data7 ,Data8\ test
10,Data data,data2 ,data3 ,data4 ,data5 ,data6 ,data7 ,data8 
11,Accounts ,2022/2/1 5,New Youk,Test Test,data5 ,data6 ,data7 ,data8 
12,Data data,data2 ,data3 ,data4 ,data5 ,data6 ,data7 ,data8 
13,Data data,data2 ,data3 ,data4 ,2025/15/ 23,data6 ,data7 ,data8 
